user_id,id,reaction_time
1,2,1.782169819
1,3,17.83516002
1,4,6.924889803
1,5,10.48215008
1,6,3.929570198
2,2,3.110630035
2,3,9.140679836
