user_id,id,reaction_time
1,2,16.64851999
1,3,6.560580015
1,4,16.56498981
1,5,40.60481
2,2,4.208449841
2,3,11.83561993
2,4,19.34963989
2,5,25.66398001
