ID,no_split,split
1,3.666666667,4.5
2,3,3.833333333
3,4.166666667,4.166666667
4,3.333333333,4
5,3.166666667,4.333333333
6,3.5,3.5
7,4,1
